anio,mes,Precio_leche,Coquimbo,Valparaiso,Metropolitana_de_Santiago,Libertador_Gral__Bernardo_O_Higgins,Maule,Biobio,La_Araucania,Los_Rios,PIB_Agropecuario_silvicola,PIB_Pesca,PIB_Mineria,PIB_Mineria_del_cobre,PIB_Otras_actividades_mineras,PIB_Industria_Manufacturera,PIB_Alimentos,PIB_Bebidas_y_tabaco,PIB_Textil,PIB_Maderas_y_muebles,PIB_Celulosa,PIB_Refinacion_de_petroleo,PIB_Quimica,PIB_Minerales_no_metalicos_y_metalica_basica,PIB_Productos_metalicos,PIB_Electricidad,PIB_Construccion,PIB_Comercio,PIB_Restaurantes_y_hoteles,PIB_Transporte,PIB_Comunicaciones,PIB_Servicios_financieros,PIB_Servicios_empresariales,PIB_Servicios_de_vivienda,PIB_Servicios_personales,PIB_Administracion_publica,PIB_a_costo_de_factores,PIB,Imacec_empalmado,Imacec_produccion_de_bienes,Imacec_minero,Imacec_industria,Imacec_resto_de_bienes,Imacec_comercio,Imacec_servicios,Imacec_a_costo_de_factores,Imacec_no_minero,Indice_de_ventas_comercio_real_no_durables_IVCM,target
2014.0,1.0,213.02,3.52467320647237,2.37876622956972,7.27827181044541,4.80475968850213,7.83152246846819,33.6840026451552,96.7079664188219,130.212945686754,55.059.326,449.097.098,123.408.811,110.892.244,125.165.676,125.915.256,323.829.181,160.131.672,271.608.802,613.149.007,111.186.684,107.176.547,197.004.194,6.795.359,203.394.915,309.290.133,635.812.268,10.768.256,220.170.996,539.108.727,364.948.817,603.426.797,126.672.311,85.785.202,787.099.521,522.480.077,102.724.817,112.152.352,976.113.405,101.540.937,977.900.376,985.915.778,107.470.632,103.244.622,93.851.301,97.687.997,975.892.915,943.909.236,219.03
2014.0,2.0,219.03,1.68885621159928,8.38985389594424,17.8030704519486,7.29517829805728,3.01593177929248,22.1861968265569,43.1574105715261,65.22801037229,589.162.366,530.628.153,118.979.099,107.686.125,112.929.737,117.324.454,326.848.287,151.002.582,24.777.101,58.489.291,985.263.519,987.746.023,169.050.011,637.721.806,182.004.135,276.725.914,621.419.201,106.567.859,21.519.997,530.525.285,329.424.874,602.969.763,116.462.931,829.465.384,690.060.504,523.184.092,985.454.361,107.497.828,935.602.943,982.574.646,942.799.014,918.649.843,107.454.234,102.175.861,888.267.283,9.371.354,934.715.034,928.126.259,227.45
2014.0,3.0,227.45,2.23720261467365,5.08209415435392,5.40308725090085,15.0252093448195,31.2800166809222,78.8543882826541,128.113099669829,172.223449588746,53.363.658,107.007.804,127.819.883,115.400.625,124.192.583,134.314.265,397.250.136,156.581.527,291.436.774,663.043.838,102.251.828,115.536.937,197.408.229,757.357.597,202.930.175,290.911.613,710.059.845,122.425.043,211.265.323,561.815.961,344.621.056,595.793.932,117.932.685,825.405.999,142.600.046,525.208.459,111.566.458,121.659.577,105.885.915,107.308.181,101.285.403,105.167.997,114.516.992,11.737.952,103.080.921,106.096.113,106.453.564,101.583.412,232.47
2014.0,4.0,232.47,0.954797382163359,2.04485389287886,11.6125000191496,17.5495658452081,49.3469967572344,91.3520679245604,108.177326652719,147.356305267768,325.108.389,935.169.145,123.033.382,110.466.031,125.673.509,132.699.445,371.727.747,167.407.156,312.688.204,675.912.639,984.276.626,100.932.989,200.687.899,735.710.672,215.379.842,282.374.957,742.671.945,111.123.103,218.150.367,548.235.516,354.969.936,587.095.158,124.245.508,829.519.906,147.877.931,523.399.237,10.894.836,118.497.051,103.133.424,10.071.414,974.925.445,103.903.594,100.708.701,106.543.369,105.138.498,103.606.386,103.829.441,963.546.529,244.29
2014.0,5.0,244.29,2.48494117769224,22.2330032276086,59.9841441204084,134.375286522207,174.540865341161,196.509109324597,250.971477546314,353.532545025651,267.626.474,754.664.357,134.515.937,12.154.244,129.734.967,131.618.094,366.221.406,166.446.238,311.158.306,700.194.177,104.642.347,108.895.145,190.204.766,73.216.809,205.418.979,301.020.742,727.233.884,107.559.583,211.949.063,54.856.123,360.450.365,59.077.053,124.993.379,831.266.876,150.703.515,52.391.317,109.321.638,119.082.935,103.643.345,101.511.782,106.591.405,103.056.896,956.634.254,103.126.713,105.888.966,103.961.362,103.279.589,998.625.376,243.44
2014.0,6.0,243.44,50.7488889098947,105.865746813935,116.844043571677,186.488790822584,273.414001769512,360.173443966723,367.154828829159,419.304741753472,217.389.443,735.596.577,130.271.591,117.142.614,131.289.769,123.463.573,336.067.829,156.715.856,27.465.238,66.234.114,100.957.296,952.117.255,188.680.054,665.900.054,196.713.616,295.141.075,697.455.329,9.886.571,212.906.615,537.632.625,362.488.107,587.681.844,124.931.706,838.620.488,150.857.263,526.232.015,106.330.056,115.823.977,100.806.924,961.805.364,103.228.154,966.719.113,895.384.695,947.911.419,10.588.117,101.116.463,100.508.173,946.035.085,238.39
2014.0,7.0,238.39,7.56681699338399,31.8215422604668,65.903741786944,112.247054225715,202.997370889699,346.937353783465,349.478621274392,416.007106574007,183.620.268,701.969.804,125.499.433,112.358.596,131.408.368,125.185.729,334.275.662,147.487.294,262.239.965,723.867.116,103.332.058,106.292.327,18.716.476,701.237.178,204.570.764,288.559.876,712.935.864,985.293.893,216.170.323,552.759.653,359.116.002,588.439.836,12.204.715,849.014.254,112.196.739,526.299.239,101.816.967,111.306.848,968.754.597,947.021.067,994.466.612,980.203.583,875.690.058,94.468.682,988.045.507,968.246.606,965.582.041,968.772.771,237.56
2014.0,8.0,237.56,10.6538758223353,44.577564957854,57.1055704107221,113.3990234375,177.620108060154,210.729295405936,203.740685404119,259.291860496659,149.713.225,503.154.226,124.960.854,110.168.694,147.921.602,121.321.314,307.049.752,15.275.811,24.901.159,687.617.133,992.196.646,974.451.544,190.111.048,727.798.823,200.186.659,319.279.853,711.584.777,984.676.642,219.138.911,557.532.119,361.140.057,587.429.871,121.037.421,850.834.609,147.714.879,528.947.307,104.709.375,11.435.293,995.266.049,929.790.759,990.198.876,949.945.235,858.655.185,944.095.007,10.531.925,995.752.474,995.891.277,987.016.783,228.52
2014.0,9.0,228.52,16.8632026046709,38.7996266313962,76.0147483812883,121.377813685218,153.784176425013,211.73562480541,250.302833069034,312.636240956703,162.451.959,46.584.961,128.671.152,114.068.875,14.602.277,118.814.413,284.362.782,155.098.716,25.515.183,6.407.887,99.634.496,106.356.718,193.157.156,6.502.213,194.918.078,311.376.923,659.122.709,961.910.888,224.262.451,549.500.168,366.287.326,584.208.043,120.606.053,856.199.113,128.918.445,533.724.649,102.257.298,111.961.599,974.453.193,919.892.341,101.959.955,930.316.212,822.829.399,922.267.502,101.989.804,972.434.015,96.888.267,940.881.882,223.89
2014.0,10.0,223.89,2.86377778378334,3.27868506738118,9.39196308573158,10.7474883784619,15.2082362773266,44.7946874886117,93.7344629690108,164.0555040325,246.063.402,658.990.364,136.630.734,120.179.215,164.515.187,132.143.102,340.178.603,166.094.283,322.548.927,765.629.098,102.931.541,931.990.492,216.543.583,749.235.327,218.742.629,333.038.258,775.062.878,100.824.382,225.515.553,590.501.637,388.098.255,582.859.961,12.033.407,858.538.617,152.382.141,537.090.521,110.258.124,120.212.803,104.626.721,103.402.572,108.267.185,103.467.978,990.617.931,966.690.907,107.450.542,104.851.929,104.177.532,101.278.043,219.91
2014.0,11.0,219.91,0.608124184007056,6.09964283835748,15.5461577245053,27.0848682551421,22.1461314493527,12.7303922699586,41.1906930683046,77.6020155445858,284.821.535,596.334.395,131.972.068,115.783.933,161.881.351,126.440.467,325.791.683,165.754.994,302.058.758,744.506.035,99.377.227,784.687.008,201.908.591,758.011.175,212.645.875,333.256.606,839.796.895,101.820.509,23.790.819,58.775.287,41.555.239,595.706.369,133.788.632,888.684.901,152.558.376,539.931.126,112.488.448,122.716.593,106.805.885,103.247.307,104.575.624,990.028.172,105.859.423,976.241.644,111.436.719,106.972.896,107.081.072,991.501.802,217.72
2014.0,12.0,217.72,0.153764705005668,1.83162338244305,7.19506712115663,10.9086201614188,31.4363977103781,29.180458739717,36.1882330563263,60.5837856102975,378.966.852,420.103.713,143.347.639,127.834.165,155.134.749,132.450.218,323.581.015,184.343.439,338.399.097,756.927.563,106.138.814,932.053.992,197.923.012,696.948.531,240.082.986,339.181.524,994.838.717,133.523.417,235.483.408,59.647.649,411.630.774,614.970.179,129.765.707,90.250.281,110.966.257,545.404.443,11.561.998,127.856.803,111.279.645,113.601.712,11.358.971,103.708.449,122.426.347,128.020.495,103.887.281,109.950.882,11.099.461,130.296.973,203.88
2015.0,1.0,203.88,0.239366013790463,0.0256168829797247,0.365453019178779,0.0,0.0119217969213741,0.0011702127596165,0.0053313023950521,1.46281654122033,594.878.874,42.008.222,132.559.123,119.483.671,128.569.826,124.329.752,323.290.514,16.303.545,273.539.854,670.476.551,107.798.811,109.527.921,185.219.418,653.714.812,191.423.721,32.188.768,610.329.482,111.995.607,227.598.795,576.257.252,387.251.333,621.593.654,124.689.721,894.544.787,801.592.066,540.632.846,105.756.395,115.197.672,100.261.823,104.582.994,105.040.811,973.501.283,110.681.799,107.379.914,962.029.088,10.057.093,996.791.284,99.801.789,203.61
2015.0,2.0,203.61,3.48356862365104,4.63670454624218,6.43716442514986,1.28812402974265,1.26876039744607,0.415013299170049,1.48162985590243,16.6554909578936,65.035.753,505.577.139,117.008.689,105.079.141,118.141.837,11.713.379,3.207.427,160.383.057,274.216.855,62.824.285,997.447.314,840.185.717,1.690.736,632.129.468,181.658.434,284.359.206,620.086.819,109.017.483,221.039.822,550.674.129,351.191.193,616.264.749,112.647.812,873.569.227,702.363.777,541.069.071,100.536.751,109.715.304,95.490.266,100.066.458,927.185.345,917.156.943,113.814.774,104.524.528,904.933.431,95.607.216,958.269.153,966.352.485,210.91
2015.0,3.0,210.91,25.862888923694,5.89064935321448,6.85545300899211,6.0812558064165,6.59302829553105,1.94892287268576,10.0374562028861,61.4007621858779,596.765.254,806.392.421,125.473.789,112.903.307,124.024.144,131.455.717,364.350.588,171.308.589,311.551.238,697.782.967,10.807.034,933.011.894,197.714.701,716.705.131,206.311.211,297.407.211,741.473.817,125.972.354,219.823.647,589.757.135,373.945.026,616.481.094,115.965.695,855.839.885,146.276.553,542.313.061,114.000.261,124.196.347,108.093.782,10.859.013,994.263.409,102.929.756,121.431.622,120.780.636,105.822.688,108.410.581,10.914.813,103.742.542,216.61
2015.0,4.0,216.61,0.292143790924228,0.0804058437223558,0.378087247471831,6.03803100481976,20.1714642290367,43.4005784696721,83.1205103293867,148.935749325025,384.760.656,907.629.496,123.421.856,110.965.477,123.093.249,132.459.783,363.188.446,197.398.318,337.846.635,690.013.925,100.881.408,952.772.124,191.684.503,700.799.434,201.636.439,276.351.871,780.906.692,113.983.986,224.506.413,575.594.857,377.587.401,613.721.422,122.985.154,862.501.728,152.479.436,539.245.848,111.928.794,121.827.683,106.032.225,103.363.686,978.003.742,103.715.938,107.691.023,109.286.346,108.155.749,106.440.683,107.033.557,994.695.008,225.38
2015.0,5.0,225.38,0.0001895424782061,0.588051951937861,3.65489932050266,10.4554573726284,45.7142928927988,159.279867091077,314.597532459733,437.577273721227,295.592.652,758.686.561,132.797.077,119.498.459,131.196.338,130.020.167,337.245.873,204.002.273,328.525.463,69.979.866,937.501.703,101.634.811,192.210.756,68.029.023,199.722.011,2.808.115,757.164.934,106.043.539,221.481.245,57.340.176,378.097.333,616.669.356,125.715.389,86.522.688,15.624.716,54.044.565,111.096.622,120.867.171,105.196.248,101.661.355,105.229.367,101.805.721,984.216.685,10.167.315,109.381.478,105.649.314,105.191.323,102.501.491,226.02
2015.0,6.0,226.02,0.0,0.325714282401196,4.88870805442558,33.1526356809823,117.695499126606,255.274275074614,343.280204987944,386.836253065163,251.267.217,572.155.656,134.028.688,120.918.763,128.669.713,128.645.317,318.590.821,201.290.528,298.008.216,685.739.654,100.978.882,100.362.505,187.665.988,654.064.326,213.814.807,297.909.533,724.444.548,102.204.867,223.923.956,568.363.392,376.315.491,609.351.789,124.583.091,87.303.004,152.467.409,545.109.786,109.330.262,119.114.486,103.670.805,994.257.328,106.205.305,100.729.213,924.070.333,979.926.819,108.509.983,103.969.563,103.361.349,983.889.422,224.24
2015.0,7.0,224.24,41.5970326859967,72.4830357594924,125.567953109741,203.597302541807,312.226780261454,369.045837595108,378.380274113861,510.127261731052,20.951.644,545.913.031,120.382.425,107.654.452,127.000.339,126.578.836,316.785.756,180.483.194,280.338.451,696.491.402,103.003.843,102.369.243,183.864.741,676.246.282,213.269.809,309.871.729,752.452.875,10.146.151,2.260.309,578.246.445,377.850.891,613.996.585,123.741.312,875.406.753,11.575.567,548.591.296,10.410.494,114.041.506,99.255.558,953.196.459,953.919.069,9.911.116,917.427.999,972.799.608,102.063.331,990.004.497,997.251.169,990.143.811,215.76
2015.0,8.0,215.76,104.8209150252,149.163198099508,183.430134280416,246.857612148551,318.056231087734,347.263357669749,341.105605195881,434.725994691676,167.906.546,541.388.987,114.324.862,100.992.313,135.546.436,121.228.998,3.005.438,172.186.767,254.990.356,663.126.423,957.885.067,901.083.232,187.287.804,682.656.544,208.959.947,334.162.078,775.024.402,989.921.274,228.107.089,582.456.018,381.878.083,61.088.893,122.652.951,878.289.186,153.008.483,553.323.833,106.420.562,116.388.398,101.298.166,924.404.453,905.918.501,949.222.403,916.868.077,949.123.492,108.964.476,101.202.532,102.600.804,996.331.413,198.99
2015.0,9.0,198.99,16.3932156849604,48.6206006322588,80.2461073510599,118.26671322963,138.591905292378,142.949514526002,167.853328353289,186.367609521831,176.765.262,444.940.968,126.387.596,112.545.553,139.083.934,121.298.299,295.029.651,172.589.275,267.721.099,669.123.702,989.463.179,908.389.645,191.299.128,692.896.868,204.244.071,330.484.648,70.664.128,982.854.454,231.061.403,585.274.853,386.651.437,610.621.644,12.258.614,877.862.038,132.901.135,559.099.444,10496.19,11.492.428,100.023.876,935.698.623,100.150.448,94.976.503,866.309.996,942.347.918,1.055.541,998.153.903,100.007.618,968.587.891,191.04
2015.0,10.0,191.04,40.0684248627352,57.6072402898367,91.4798993424281,117.399147311662,135.376297771435,119.415565267522,110.72101319045,113.122829481613,249.960.276,560.918.307,134.414.688,119.037.951,155.782.139,128.296.072,331.902.731,170.800.721,303.494.309,702.508.988,99.024.214,892.892.784,197.403.346,79.807.031,217.510.515,345.719.752,805.080.635,100.944.966,233.027.794,621.644.577,409.884.795,609.852.287,123.157.518,879.093.339,156.412.852,562.691.823,111.866.851,122.132.882,106.297.854,102.480.233,106.511.174,100.455.755,100.815.993,967.847.054,111.148.619,106.381.777,10.627.098,101.276.411,191.02
2015.0,11.0,191.02,2.684032674611,10.9874999931856,20.3234899478071,24.1928837473078,17.1487687187465,26.5828856381964,52.9540137169657,104.420297090397,28.935.689,571.278.567,130.491.984,115.253.614,154.959.499,129.053.921,332.457.054,1.739.666,318.652.062,702.954.815,956.568.405,967.549.288,192.734.204,805.810.064,218.630.973,358.711.557,872.076.197,10.496.631,24.638.939,62.819.434,4.420.184,615.931.238,135.637.537,904.481.229,156.764.799,564.045.518,115.307.282,125.848.351,109.531.597,104.791.831,103.402.795,101.049.151,109.290.261,100.640.317,11.502.425,109.653.517,110.276.852,101.753.323,186.0
2015.0,12.0,186.0,0.272738561634388,0.283084417028087,0.688791948108115,0.410341083079345,0.513311147451178,20.0545943853213,71.4964813238232,103.072700465988,391.886.567,413.886.267,143.403.422,127.470.229,160.539.209,13.417.807,325.455.936,189.212.986,346.238.489,708.258.387,111.358.257,109.799.148,183.215.781,764.544.119,240.910.301,369.343.541,106.566.861,133.204.507,244.769.754,628.692.381,435.003.536,640.850.969,130.935.729,911.955.915,115.483.503,567.576.286,118.682.457,131.191.864,114.182.301,116.653.604,113.633.912,105.061.356,129.655.719,127.714.729,107.084.027,112.863.199,114.248.099,133.265.788,187.38
2016.0,1.0,187.38,1.8409607810717,4.54595780306097,10.9158221399224,12.8157674157342,13.0942678955351,16.9297606466893,30.3928484549889,44.2157622739018,631.746.421,46.337.309,124.775.292,11.272.847,118.133.533,123.358.153,326.625.435,171.328.014,278.283.761,626.593.786,105.803.612,100.576.601,173.739.913,703.716.223,189.803.298,338.396.923,651.591.278,111.735.271,238.616.719,601.282.739,407.812.645,654.823.281,123.850.033,894.608.427,849.681.715,561.513.997,107.405.601,116.862.118,101.710.466,105.320.154,988.728.466,965.893.672,117.737.014,107.130.307,98.954.004,102.139.272,102.051.773,100.541.866,193.25
2016.0,2.0,193.25,0.258039215220492,0.0967207788822374,0.132147650296906,0.0066821706012006,3.22605657027399,3.3356648981373,8.74428789363004,40.096589134029,704.614.473,507.205.432,121.094.757,108.963.706,119.833.393,12.262.529,341.214.742,170.140.959,262.790.536,646.921.716,906.196.617,975.172.248,173.540.358,738.404.188,184.869.392,315.903.119,664.930.288,113.797.342,227.837.526,584.777.796,37.076.029,657.212.066,113.908.908,879.744.426,747.714.183,560.816.034,105.177.308,114.697.046,998.261.045,106.199.025,959.563.643,960.155.356,12.251.467,109.107.394,939.057.319,100.020.237,100.265.976,101.065.886,202.6
2016.0,3.0,202.6,1.41033986638744,0.173749999279253,0.0568959731764891,0.0,0.464600666811978,15.188883002035,28.3148590815676,42.0458656355392,64.038.084,658.019.931,131.106.288,118.009.847,1.292.978,132.990.722,360.730.284,173.125.219,304.646.012,739.855.059,105.979.251,10.078.391,200.213.449,774.006.953,206.292.111,323.127.447,750.307.325,127.402.488,226.051.649,613.101.979,381.252.577,650.665.866,115.644.075,875.582.556,155.863.587,562.793.043,117.497.601,127.886.309,111.305.326,112.082.411,103.889.574,104.131.664,124.944.012,122.151.829,109.528.802,111.736.439,112.095.643,104.039.639,214.01
2016.0,4.0,214.01,50.2980129940447,125.095681704484,243.600235266973,257.698635556716,207.463394114261,162.562127534379,145.580852970492,172.403203860734,379.177.656,628.472.899,116.914.534,104.258.869,126.823.153,126.478.838,339.760.115,176.672.743,336.972.152,7.121.723,906.747.494,891.688.001,187.276.714,770.591.257,202.802.406,303.992.775,78.666.518,114.914.699,228.420.866,590.617.591,38.967.417,640.520.301,122.745.987,885.007.146,161.272.908,561.034.834,11.271.897,122.706.739,106.797.308,10.038.663,926.439.252,990.328.621,106.815.275,110.178.701,111.515.358,107.192.115,108.236.176,103.308.048,213.3
2016.0,5.0,213.3,35.1235751488629,45.5666558788968,76.9460066948961,100.714759862146,98.0551581327213,106.415751421705,100.239999880068,89.530930196284,286.149.845,766.593.087,131.506.386,118.079.351,133.120.102,12.864.378,334.398.293,175.244.186,332.144.829,719.786.481,978.511.994,103.759.809,182.719.482,798.139.359,207.309.462,310.232.915,779.520.243,108.778.048,223.610.261,60.173.436,393.909.735,63.982.393,123.916.598,87.926.613,166.112.043,562.581.419,113.245.469,123.319.828,107.330.907,101.633.029,104.206.615,10.072.801,100.717.513,104.294.961,11.271.776,107.692.799,107.703.633,102.788.061,214.38
2016.0,6.0,214.38,67.4780000284606,79.5560553817006,76.1176174279027,56.9196124350378,30.7934109426775,13.0825664953532,27.6971134838945,53.0155942902084,230.167.228,756.840.432,123.308.033,110.157.514,131.432.408,125.138.992,329.363.051,162.117.145,28.824.654,693.020.182,970.843.952,10.609.242,181.205.838,722.313.917,202.645.395,307.337.079,760.105.397,10.246.372,225.252.719,583.609.043,394.719.486,636.285.948,124.171.487,88.310.358,16.570.503,566.419.602,110.555.672,120.571.755,104.939.133,967.973.986,977.101.802,979.837.632,950.537.271,982.408.662,112.457.689,105.134.888,105.707.199,987.616.321,214.36
2016.0,7.0,214.36,47.0058627879698,99.8068179960375,137.988372265092,213.601643265125,227.318735487648,280.046795134849,289.689908529545,292.828023294454,191.925.203,594.186.231,120.583.042,107.209.916,134.580.911,118.085.706,305.567.984,145.134.828,282.577.753,682.013.832,100.363.329,886.843.482,177.287.874,735.667.013,195.605.798,314.760.112,789.577.658,10.016.991,228.332.146,599.074.036,390.017.414,63.320.576,122.135.646,881.581.358,123.707.994,56.842.925,104.881.996,114.882.463,999.874.817,938.561.368,955.508.773,924.610.443,939.886.042,960.415.918,104.692.875,997.394.049,100.482.274,101.778.969,211.15
2016.0,8.0,211.15,0.230222222682551,1.69568181502355,19.5474329087508,35.6973178950853,67.8501413891994,154.264195576627,251.829885911324,336.484625606882,167.007.641,433.866.634,120.692.508,107.023.736,138.046.821,124.910.889,315.645.242,15.099.862,27.970.466,709.060.146,100.428.212,10.516.551,193.072.385,77.547.123,208.961.267,328.739.606,806.258.289,101.209.206,234.743.719,616.314.035,395.834.581,630.958.206,120.866.173,886.315.007,162.780.323,571.629.914,109.840.849,120.070.449,104.502.824,956.094.384,956.376.193,978.051.585,935.215.138,970.380.553,112.240.902,104.455.114,105.428.825,990.006.118,202.48
2016.0,9.0,202.48,0.0,0.0358603897069085,1.06697986523102,3.09096124396306,18.7369966790725,45.6468018902109,74.4993070194218,119.11441859164,178.797.615,342.580.723,122.437.133,10.851.499,140.700.266,120.513.577,296.788.403,152.565.286,292.274.656,69.059.951,98.786.742,950.226.102,189.741.256,724.921.833,205.288.522,311.474.945,734.734.113,100.716.927,23.782.948,604.998.911,39.756.745,629.657.787,118.878.478,88.551.452,141.309.491,575.846.354,106.169.997,116.530.017,101.421.423,925.256.728,970.200.728,94.362.066,877.740.435,965.660.644,107.875.178,100.964.252,10.191.375,100.746.059,199.67
2016.0,10.0,199.67,9.93149019236755,35.0525162467709,58.7169296597474,70.6118604379107,96.2868303689306,142.91821137895,162.821500361284,177.905012805949,26.496.756,479.576.809,123.779.858,108.545.015,155.924.817,123.254.135,314.595.974,157.161.898,325.556.493,741.965.006,964.049.454,920.175.552,188.946.417,769.057.743,203.828.496,324.271.356,834.422.636,100.499.504,242.685.554,638.404.287,415.819.848,625.979.639,119.961.893,887.667.793,163.088.406,577.166.622,111.657.348,122.107.419,106.275.692,992.209.025,980.840.578,965.079.215,102.478.426,963.576.018,113.091.093,106.182.547,107.137.726,101.471.462,197.44
2016.0,11.0,197.44,2.36513724894403,4.41784091189794,5.97362415930069,6.39207751479491,15.1670049957547,26.6975465274238,62.4570677903256,97.5963952633762,319.873.125,55.689.498,130.629.404,115.590.788,15.229.578,128.841.416,33.300.818,166.818.188,345.796.928,746.917.618,101.758.277,821.476.071,203.612.924,76.693.649,22.390.598,338.167.218,898.205.212,108.710.418,254.089.569,643.028.365,460.795.367,627.712.052,132.316.063,916.833.751,161.673.849,577.221.026,11.712.275,128.072.255,111.467.163,105.938.789,103.511.688,100.882.759,11.223.933,104.230.119,11.669.029,111.379.968,112.309.777,102.321.557,197.41
2016.0,12.0,197.41,6.01689541918025,30.9171266509341,26.0644463085688,14.0306201333223,21.6207570809493,62.7744947583117,101.805994000402,145.72228716079,418.910.218,437.105.959,135.422.656,120.483.483,150.202.906,133.640.167,336.071.995,175.335.113,368.082.608,766.308.489,107.262.602,101.418.319,191.378.357,730.663.919,241.329.535,353.721.073,107.140.626,136.080.623,252.926.174,649.984.259,453.709.061,642.914.872,128.517.764,92.395.769,120.968.438,577.787.565,119.535.493,132.301.307,115.147.901,115.772.141,107.309.895,104.640.179,131.771.564,130.472.311,108.986.128,113.674.409,115.981.577,136.799.573,210.36
2017.0,1.0,210.36,1.20200653461119,0.607418831504349,1.06052014064169,1.12601550439474,4.04841930618953,18.5676994773936,40.5517289219062,99.8719894497894,622.789.111,420.375.516,118.878.504,107.634.281,114.570.562,124.611.905,331.319.957,165.523.048,30.350.135,680.909.302,101.215.924,111.335.736,172.682.799,662.192.542,192.322.779,351.817.335,667.766.799,115.087.246,241.547.002,610.561.206,420.792.415,645.787.852,119.318.347,916.834.644,881.791.698,568.300.854,107.981.537,117.955.419,102.662.016,105.147.944,942.001.892,975.710.547,118.939.343,110.344.138,994.552.855,102.686.969,103.542.717,101.904.976,215.36
2017.0,2.0,215.36,4.44050980394864,5.57404220805733,14.6737583999166,14.8102790918461,13.7531863641871,31.6418816512252,71.6128711874759,121.597545352709,678.875.883,715.355.141,100.336.697,894.098.092,109.436.761,117.548.271,323.876.151,15.945.922,284.365.478,656.780.077,928.019.184,953.329.198,157.799.668,663.927.614,178.759.628,316.919.848,656.310.445,1118.74,23.462.987,570.747.215,375.949.867,641.877.715,110.504.113,899.722.702,772.827.457,566.750.102,102.812.515,112.435.842,97.858.075,100.704.186,795.075.273,920.402.331,121.877.666,107.263.319,938.353.807,977.713.944,996.655.736,984.451.924,224.64
2017.0,3.0,224.64,0.0364183008402976,0.177970778729234,3.02855704406326,11.853612389352,27.7734692160183,41.5586967950172,74.01296275096,94.5716021190318,609.567.464,125.723.426,102.351.428,898.640.963,123.524.251,134.565.562,398.773.275,164.350.939,339.936.026,737.336.499,962.849.492,963.307.632,189.190.731,742.872.614,212.433.194,327.799.035,741.175.953,13.164.685,228.767.711,620.096.053,382.332.601,635.071.193,110.358.845,894.826.342,160.363.483,570.195.832,116.497.707,127.630.216,111.082.436,107.857.648,811.040.144,105.364.763,12.721.487,126.221.267,109.846.561,110.785.572,113.995.221,108.769.006,229.73
2017.0,4.0,229.73,0.652686273765574,7.64766230130592,38.1025334945411,54.9472402971844,61.5337436996561,71.245744717882,110.455536937496,174.955452172331,367.056.624,910.160.074,115.826.086,103.920.523,120.052.253,120.825.482,34.299.168,155.464.493,322.361.809,626.050.742,920.913.999,856.616.269,174.263.172,669.371.602,193.666.077,305.938.774,742.882.269,113.706.139,234.723.897,587.011.122,396.586.339,622.497.359,119.139.302,897.101.177,165.845.816,572.002.798,111.999.176,121.938.193,106.128.407,980.998.562,917.814.313,946.062.869,10.541.928,10.901.995,112.047.857,106.507.614,107.565.871,101.399.376,240.72
2017.0,5.0,240.72,137.975549003501,127.865016287023,118.529479986869,156.639922575248,140.208668970625,167.463038419155,172.492566744244,270.706601993058,290.786.889,816.762.875,127.249.927,11.603.557,115.353.316,133.333.048,381.805.615,157.030.601,345.675.861,699.819.591,102.245.377,105.170.986,189.742.179,70.641.659,216.425.157,325.252.655,733.632.417,115.780.956,227.785.854,604.429.516,406.724.366,628.677.082,120.712.171,900.771.436,16.940.889,575.376.062,114.423.232,125.011.332,108.803.101,101.588.202,100.833.765,104.399.705,999.584.694,111.009.258,113.574.102,108.812.813,109.642.488,10.550.553,238.65
2017.0,6.0,238.65,56.6655359976237,102.619642932694,116.962030103543,210.423225047976,313.703660187428,321.583936041974,317.923915040829,376.987441661746,231.630.958,68.065.533,122.641.987,111.700.584,112.356.604,124.709.301,334.602.987,144.131.071,283.801.925,670.174.428,100.716.421,107.426.547,180.725.454,677.286.455,212.941.793,325.842.854,694.919.118,107.007.064,233.110.929,590.988.415,410.495.944,635.952.893,121.748.905,904.770.772,169.389.589,579.278.746,111.188.756,121.662.646,105.888.586,951.842.967,971.824.004,976.473.151,921.016.074,102.596.965,113.932.084,10.573.693,106.794.934,100.948,234.95
2017.0,7.0,234.95,5.75417647103055,34.7345292828735,52.4967281810389,91.1665114410164,118.739101562246,155.942872326425,180.137113566809,238.171110887552,192.384.567,697.193.764,1.271.215,114.372.263,128.945.971,122.358.298,327.880.438,139.543.705,258.495.827,706.375.184,991.650.687,996.693.781,180.873.938,697.978.099,208.261.821,343.865.767,726.602.442,103.993.252,233.226.077,616.396.852,404.481.308,643.901.173,122.123.869,91.099.051,125.926.955,578.828.653,10.708.125,117.385.348,102.165.857,957.137.248,100.731.999,958.064.814,927.812.672,997.073.615,106.660.997,101.830.824,102.384.668,103.085.223,234.62
2017.0,8.0,234.62,18.8339542448667,50.5333441598462,80.2882885044853,166.62404627837,244.180041397272,350.613882967766,358.73345756676,487.918681339392,16.969.504,564.971.291,132.493.254,118.941.021,136.737.777,127.982.444,340.390.609,143.072.115,281.603.022,72.619.525,103.839.028,104.672.353,192.367.113,701.340.121,223.556.602,344.094.032,75.065.218,104.875.808,239.123.234,632.752.874,405.186.492,644.838.783,119.127.953,909.579.827,16.580.699,580.563.365,112.006.964,122.633.932,10.673.394,979.052.744,104.988.616,100.210.185,917.649.688,100.553.545,113.888.738,10.651.502,106.985.816,101.415.358,222.33
2017.0,9.0,222.33,6.94472548492448,18.2926460721276,37.6084396375106,58.3503100757451,96.1021463613145,108.626023804888,115.413625288627,146.092157782818,178.798.814,504.101.458,129.815.855,116.830.667,131.375.147,121.708.499,31.825.633,146.260.172,287.001.889,644.051.064,996.007.127,109.635.786,174.433.196,668.797.648,205.627.894,320.318.773,686.258.982,10.279.288,242.982.146,615.956.989,407.352.394,643.348.438,119.379.058,915.362.676,143.732.379,584.685.241,10.777.117,11.818.101,102.858.359,933.444.291,102.867.026,952.976.891,859.571.908,985.564.609,10.983.337,102.486.916,102.941.965,103.213.293,217.45
2017.0,10.0,217.45,2.51963398239508,24.5400487025837,43.9033892906752,62.832868147266,96.3137685296539,176.157460197489,232.400030584982,313.305749030692,271.003.281,636.392.469,137.201.539,122.487.138,147.631.087,127.904.447,34.574.984,151.863.772,334.624.539,743.749.195,913.065.176,102.949.915,181.835.445,73.753.936,222.402.327,347.091.937,805.847.423,105.631.346,247.492.017,646.591.375,435.182.157,631.376.882,11.873.833,925.055.818,167.563.089,586.601.268,11.502.888,125.624.312,109.336.606,103.558.814,108.719.495,100.149.113,103.592.567,101.277.944,115.211.697,109.388.765,109.484.429,103.383.417,221.75
2017.0,11.0,221.75,0.439183006113018,3.27545454770073,12.5101342002874,30.1578604476396,50.4661231231372,59.0208975786858,59.9932521985672,77.830620218617,324.918.755,593.380.009,131.681.415,117.349.479,143.549.281,134.482.743,358.952.238,165.172.446,346.662.105,720.106.323,946.372.246,9.841.677,204.828.199,773.478.588,243.251.362,35.552.093,88.224.529,114.538.066,260.669.434,654.179.981,487.394.275,634.652.057,131.793.328,955.193.673,167.830.763,586.522.917,120.044.961,13.164.981,114.580.873,107.973.124,104.345.309,105.299.915,112.919.743,10.981.759,119.486.036,114.158.897,115.638.303,106.130.985,216.23
2017.0,12.0,216.23,0.236287580323375,0.0904220775035875,1.79453020246899,6.81803100959275,2.52039101947186,14.7535372256163,51.4980882759414,117.231446850207,422.846.007,484.955.401,137.802.787,123.410.751,144.848.139,13.463.309,34.335.475,177.410.723,355.397.976,730.078.806,100.413.033,107.118.301,187.862.031,704.785.621,251.259.571,370.128.429,10.729.581,141.226.945,260.022.115,655.922.889,479.013.586,653.081.268,127.285.132,956.978.755,125.661.798,586.383.125,121.908.538,135.252.896,117.716.804,117.289.152,109.195.929,105.417.637,133.037.695,135.406.536,111.135.163,115.931.098,118.615.419,140.898.278,218.68
2018.0,1.0,218.68,2.54989542289229,2.8417207621425,6.00555370139246,1.59302325877975,6.07733776627384,23.3109907263771,42.3490403587366,77.757080275267,633.836.083,432.762.858,123.715.444,111.922.729,118.672.369,133.257.638,374.267.052,16.674.972,328.801.711,718.358.136,105.824.358,109.392.003,17.962.884,658.648.398,21.548.405,369.045.215,681.437.164,124.368.395,251.622.086,631.810.234,4.428.686,665.513.964,121.944.143,947.775.692,930.780.416,574.799.242,112.395.018,122.707.677,106.798.124,109.076.206,980.330.154,104.340.659,121.508.697,119.242.781,102.722.093,106.884.047,107.701.136,104.270.566,222.25
2018.0,2.0,222.25,2.29345097637011,0.473230523178233,2.20317114333641,4.8353333432083,11.3988186513723,16.5202127688743,25.8814470609998,30.6770025642651,699.289.343,502.195.647,120.293.825,108.961.844,113.977.454,122.283.138,332.018.501,163.596.058,319.287.288,69.530.084,969.801.622,982.275.544,160.983.242,653.085.428,196.721.554,333.284.191,670.156.799,11.850.048,244.101.305,596.227.794,390.410.157,66.938.294,112.452.457,926.675.063,817.476.045,573.039.158,107.541.772,117.685.853,102.427.401,106.295.902,953.216.998,957.476.308,123.552.514,113.616.701,969.468.673,102.268.766,103.139.803,101.050.543,230.7
2018.0,3.0,230.7,0.0833333334392485,1.50115259712586,3.83914430114447,17.9000465452209,41.1661397557885,87.3818485407119,144.213396774025,250.52572298666,62.545.764,107.191.182,134.438.868,122.123.327,123.716.785,136.763.201,384.298.467,174.489.205,346.438.331,73.562.444,930.566.732,112.746.762,191.109.563,718.676.503,227.136.365,352.001.784,763.845.549,134.952.015,240.151.491,635.073,398.240.172,677.917.201,114.769.302,925.382.127,168.024.554,575.579.649,122.452.712,13.377.956,116.434.493,115.883.855,106.530.335,107.085.512,130.366.293,129.390.216,114.210.799,116.448.591,117.460.113,111.639.075,236.85
2018.0,4.0,236.85,0.792993463773061,0.92668831356281,13.1487416093982,24.4216589521068,80.9553410503114,136.480086476245,185.776047258457,256.040322749806,403.354.482,93.757.554,124.385.237,112.968.888,114.693.726,138.610.875,37.402.925,194.452.697,370.841.871,725.802.748,1.034.824,107.493.843,19.489.647,717.298.798,227.231.646,33.084.541,771.052.979,123.406.294,244.276.026,612.630.111,419.067.114,668.992.277,124.862.109,932.720.591,174.708.802,577.423.054,119.393.917,130.081.741,113.216.111,107.010.038,985.637.641,10.853.224,112.147.311,118.320.331,1.173.407,113.539.774,114.806.636,104.502.285,240.99
2018.0,5.0,240.99,8.6255751657111,31.905860354374,43.6559731400253,68.4101860253386,100.797337705006,178.076276591484,211.323868808906,221.953682054229,294.908.621,888.830.466,137.448.783,125.294.394,121.900.473,139.300.435,389.355.987,19.690.699,338.830.892,723.293.946,107.832.338,948.526.359,188.068.241,70.793.454,231.899.386,341.203.234,757.024.015,119.229.694,236.261.195,625.437.444,421.209.826,678.738.468,126.095.781,936.799.866,176.960.921,5.806.427,119.552.233,130.809.527,113.849.536,107.066.689,108.915.413,109.072.165,103.648.544,114.315.862,118.377.837,113.690.328,114.291.242,106.510.546,241.09
2018.0,6.0,241.09,42.6826405095119,64.7041558476238,68.406946207853,111.368930148339,149.527878480426,205.793430609906,279.012086599543,339.021757101212,233.621.069,694.586.947,13.057.336,118.549.925,120.810.436,135.194.172,364.609.268,182.359.667,308.925.913,731.508.847,104.804.923,103.010.341,191.423.047,70.583.483,227.005.629,341.750.516,732.109.318,112.070.792,236.950.838,611.412.932,421.381.256,678.036.799,124.051.998,942.442.625,174.286.027,584.471.376,116.063.424,127.120.748,110.639.023,1.014.872,103.467.278,105.856.964,959.978.298,107.452.001,117.440.744,110.372.583,111.349.045,105.120.512,237.62
2018.0,7.0,237.62,28.2687319987545,70.4168343048591,93.5695806157669,125.218279124415,125.304176098892,146.374581063047,155.946572843437,209.880555303214,189.474.289,692.796.794,133.249.818,120.903.584,124.088.221,128.354.483,343.457.838,155.687.692,265.345.891,726.101.383,105.004.528,105.897.201,185.304.618,70.824.171,213.454.011,361.711.705,763.858.096,105.606.351,237.605.169,625.572.682,413.869.295,67.900.373,12.228.733,945.056.979,131.921.093,584.276.989,110.714.545,121.473.037,10.572.356,100.540.226,105.588.123,100.501.491,963.193.274,10.125.398,109.502.349,105.285.971,105.608.463,101.140.722,234.95
2018.0,8.0,234.95,2.23147058991922,17.7254707704891,34.2410066751826,47.7790077800899,84.133976693558,143.225531826628,196.384500990183,328.763527231931,167.218.756,618.107.584,127.494.583,114.044.798,135.911.049,134.337.385,352.713.059,155.499.282,282.857.251,761.910.666,10.666.085,113.232.043,205.964.209,753.121.123,229.592.623,341.668.896,771.082.628,110.815.907,240.435.294,648.893.077,417.627.795,686.888.472,120.587.594,945.484.562,17.263.425,585.841.147,11.510.209,12.603.131,109.690.834,994.693.267,101.027.633,1.051.861,931.900.957,106.248.833,117.404.143,109.458.386,110.578.221,103.995.337,223.26
2018.0,9.0,223.26,2.29636601269781,26.8535552798928,79.456610762833,110.891984558105,193.043801817045,242.892686610526,253.34603953307,292.924587121614,167.583.612,498.075.834,129.383.043,115.237.183,14.313.991,119.526.344,301.564.892,155.860.699,252.305.087,640.941.752,101.982.311,104.841.896,178.232.965,633.005.896,198.015.667,33.177.918,69.156.583,10.354.107,245.471.688,63.045.062,422.285.543,676.713.154,122.441.225,951.544.638,150.888.035,592.310.781,109.937.357,120.652.343,105.009.273,935.559.284,102.524.062,935.890.627,861.891.209,992.738.157,113.647.426,104.546.891,105.172.645,102.861.004,220.02
2018.0,10.0,220.02,14.5456405433966,9.06365260118981,38.3367113230512,73.2098448346752,95.0937688465721,139.626615656183,163.596991696616,216.85704170641,276.196.365,704.726.326,125.297.185,110.542.041,149.705.046,140.139.514,380.440.178,16.942.394,328.198.517,811.197.543,103.905.471,10.338.753,211.659.522,809.769.321,239.316.092,370.736.322,821.761.124,11.370.537,252.061.229,683.658.628,446.302.808,679.700.528,121.951.695,956.877.977,175.191.477,593.634.385,119.147.799,130.391.916,11.348.607,105.753.703,992.863.987,109.729.164,107.271.429,109.019.212,119.649.098,113.305.724,115.022.785,107.351.376,218.7
2018.0,11.0,218.7,1.05261437987872,2.50051947947979,10.8497986432365,21.8314728572387,54.0580283560094,106.914740729839,144.556915364552,197.289147261193,326.277.302,669.805.294,139.046.169,124.790.636,143.891.147,135.923.432,36.320.119,177.725.941,315.394.147,738.118.226,102.259.739,91.640.687,205.330.168,731.206.649,24.369.205,37.564.897,902.451.235,113.743.746,268.398.632,679.166.572,494.016.595,685.384.556,134.313.035,99.160.721,176.458.238,594.532.906,123.763.514,135.474.911,117.910.034,111.472.997,110.181.193,106.427.974,116.438.848,109.056.007,123.902.119,11.769.512,118.676.851,106.018.941,216.55
2018.0,12.0,216.55,0.862222222180343,3.73779221189317,9.46812079817169,4.59040310265309,7.16955906552063,32.4940691744076,53.8976846275126,86.9542635639201,436.733.878,494.403.815,142.679.756,128.746.198,140.360.776,140.588.077,362.707.632,191.954.199,332.198.458,732.101.136,110.038.288,113.553.687,195.500.052,700.133.748,253.192.493,37.720.728,110.522.014,143.133.492,266.504.964,681.097.135,483.696.838,705.937.164,130.896.764,997.205.167,131.157.803,594.823.524,12.599.861,139.498.058,121.411.564,121.294.974,113.060.474,110.080.388,136.902.727,137.234.509,115.185.438,119.820.626,122.247.546,142.725.968,219.38
2019.0,1.0,219.38,2.16419607815059,1.10743506227971,3.04612416347439,4.79491472576073,15.1831447433869,38.651017314259,41.3813861329775,37.4152196987655,631.333.453,487.656.103,118.775.706,108.291.908,106.097.191,13.639.456,368.809.395,169.233.604,296.139.148,732.462.987,106.700.326,124.361.985,191.437.075,689.261.985,225.605.467,36.860.512,696.525.162,126.362.001,256.178.179,657.728.369,450.012.543,71.870.533,124.691.652,982.004.087,967.677.302,585.928.753,114.209.851,124.897.558,108.704.078,108.535.215,941.187.316,106.796.867,12.116.097,121.154.223,10.616.954,108.609.895,110.278.065,104.745.768,225.76
2019.0,2.0,225.76,1.05717647137133,0.492581169568486,2.50436241219395,0.489224809861576,2.80378536541734,11.9700465584768,20.8293678716949,31.649173115575,682.021.831,582.972.669,109.792.462,100.178.342,973.297.059,125.352.131,345.964.951,163.842.732,281.027.511,652.055.825,968.565.094,109.572.886,172.091.501,616.467.583,202.765.582,324.139.644,693.801.052,120.636.306,248.798.755,621.880.574,397.416.084,723.306.124,116.301.783,961.563.093,850.037.527,584.314.551,108.745.588,118.952.364,103.529.703,103.910.539,870.003.433,981.506.508,121.971.925,115.664.503,100.615.924,103.413.557,105.335.023,101.212.671,240.39
2019.0,3.0,240.39,0.301111110125735,2.63392857619404,3.35785235172363,3.28506977107636,1.77950915392061,17.9420412276733,37.669306949723,62.0757363353897,604.293.635,989.463.387,1.274.849,116.629.298,11.003.444,137.869.182,398.309.869,168.017.536,320.923.001,722.324.598,973.741.403,114.125.569,191.653.403,712.848.104,23.084.322,345.909.788,794.244.899,136.146.399,245.500.374,656.663.441,401.701.599,7.204.689,119.281.918,959.994.605,174.722.685,588.907.144,124.034.973,135.721.398,118.124.563,11.370.138,10.101.996,107.951.495,128.363.808,130.535.376,118.547.038,11.795.327,119.980.667,113.241.118,252.26
2019.0,4.0,252.26,5.91307190177,8.77769480746046,6.95385905178639,7.04727132077827,8.87554907276855,18.7884042432254,46.4839756437957,106.383875997184,380.636.509,10.396.707,12.382.751,112.420.932,115.226.101,136.792.572,368.529.339,178.459.109,328.339.938,731.336.236,102.850.087,112.218.651,195.253.507,662.213.461,236.074.765,321.691.579,806.135.904,124.677.899,252.563,644.680.502,418.252.147,712.761.629,126.770.427,970.804.065,181.517.689,59.211.258,121.692.454,132.523.309,115.341.119,106.693.871,981.218.174,10.710.851,112.837.823,119.539.529,121.515.579,115.725.609,117.213.588,104.791.483,258.76
2019.0,5.0,258.76,11.182339870248,24.8092532513978,45.9258052870731,91.0927131475404,201.740840137501,261.041602023104,252.163982946275,298.521356370714,285.816.677,863.164.835,131.712.476,120.537.261,113.292.506,140.585.411,374.684.339,177.049.518,317.647.169,721.421.113,107.364.467,127.594.658,205.231.869,676.630.315,240.455.972,341.247.258,791.943.275,121.550.249,245.889.622,645.945.401,425.683.622,711.950.893,129.547.534,973.863.812,185.052.449,596.166.781,122.100.456,133.608.119,11.628.528,106.766.838,104.369.922,110.078.301,10.552.423,11.654.078,122.793.666,116.113.607,117.541.025,110.371.575,266.96
2019.0,6.0,266.96,18.4063333458468,58.8495129486183,82.6409562418125,139.83382962249,204.119475734412,373.398517446315,386.013137491986,418.001731202276,224.064.834,765.324.202,127.699.994,115.709.235,121.031.486,131.825.506,349.609.583,167.620.837,266.575.337,69.336.747,10.069.596,115.308.686,18.925.982,652.718.743,231.907.258,355.986.089,77.224.723,110.800.875,250.411.138,637.868.869,427.853.814,714.344.593,130.098.766,97.729.984,173.831.528,600.814.549,117.955.955,128.864.107,112.156.348,101.617.088,101.190.402,1.032.193,100.285.515,106.234.421,120.976.702,112.172.319,113.306.408,105.397.805,266.63
2019.0,7.0,266.63,3.37980392165239,9.98913962814908,21.2030704963277,37.600418618668,76.7168634830418,199.795911007739,345.452879331172,461.961201985677,197.696.874,77.282.007,129.810.792,116.690.685,132.045.881,135.034.993,365.476.297,152.756.254,249.278.369,72.536.511,106.707.884,118.337.112,200.771.728,718.954.681,234.218.737,349.974.965,810.083.149,108.224.203,253.205.294,660.641.793,427.380.053,713.105.866,128.969.604,97.229.418,133.964.268,600.657.546,114.283.808,125.202.804,108.969.748,10.313.661,102.863.014,105.732.327,100.829.093,103.763.942,113.632.893,108.680.225,109.559.237,103.990.221,266.37
2019.0,8.0,266.37,0.0,0.43099025896956,4.50974832303297,9.90080620304559,49.2855574215906,108.404827183865,155.448370068471,233.621020344185,167.076.841,558.930.237,134.815.028,121.692.348,132.265.047,134.295.268,353.208.152,154.888.657,256.242.589,728.401.461,107.719.529,120.020.403,201.510.245,733.229.359,232.194.383,358.780.323,818.881.759,111.496.958,25.457.964,677.710.328,422.758.463,721.694.151,125.273.783,967.408.358,183.739.178,602.606.484,11955.81,130.851.849,113.886.371,103.237.519,106.828.407,105.153.122,984.395.274,106.901.816,122.596.004,113.695.907,114.580.893,107.385.297,242.23
2019.0,9.0,242.23,7.36109804581437,5.73993505626711,17.4579194475797,42.6625581778297,78.2447088752531,90.7171675321904,100.461827899151,128.256227370072,168.824.909,497.288.005,129.582.271,115.656.007,139.840.883,123.379.199,313.797.431,153.853.111,231.700.468,625.358.591,989.536.226,116.118.097,182.966.738,660.875.474,21.495.869,338.628.848,743.225.924,106.692.436,258.544.628,653.851.028,43.177.459,717.505.688,126.048.007,96.920.678,159.359.254,605.876.092,113.884.717,124.605.797,108.450.145,965.470.943,102.681.932,966.058.459,913.348.871,102.295.304,117.993.709,108.300.703,109.000.907,102.941.488,243.44
2019.0,10.0,243.44,1.8723790825862,5.17167208235191,12.197718141113,13.2046511546586,28.1082612543852,68.8266887943795,94.3711576527162,135.68939284884,267.501.527,637.638.673,12.815.824,113.973.932,142.283.561,132.036.641,340.417.472,162.194.824,252.271.685,717.466.235,964.729.015,116.611.679,199.394.976,780.024.098,235.635.875,355.106.311,862.021.751,104.004.456,235.574.778,63.539.321,429.463.917,715.679.185,121.856.166,95.400.399,156.131.122,606.308.444,115.552.106,126.016.211,109.677.694,104.910.541,101.553.519,103.384.618,108.574.123,997.181.036,11.544.884,109.886.336,110.500.594,987.687.281,251.22
2019.0,11.0,251.22,0.0115882352931924,0.0308279222869254,1.81067113830214,4.30713179624358,7.17747087937822,27.6681582591635,66.5451256199275,133.271809131908,320.496.594,558.510.477,127.951.048,113.755.439,142.384.912,136.740.266,358.037.053,176.336.966,243.724.133,701.421.666,979.339.954,115.492.354,211.559.082,766.359.338,242.287.775,359.235.246,948.019.139,106.657.427,247.225.434,649.435.405,502.929.296,723.460.312,133.962.667,985.229.394,14.605.898,606.840.718,119.069.965,130.082.633,113.216.887,109.590.535,101.389.339,107.067.555,117.943.734,102.261.738,117.976.024,113.231.707,114.465.802,99.708.046,253.86
2019.0,12.0,253.86,0.28789542323234,0.165389611059195,3.60144295021204,6.19880621077478,11.3273128087504,14.0141223306034,27.3218583468708,62.170090478212,431.198.839,56.157.514,142.664.692,126.391.161,163.071.028,143.627.922,363.469.183,188.664.188,291.854.267,740.323.519,105.824.619,122.342.467,209.521.756,738.722.762,273.327.064,373.852.576,116.060.596,141.954.847,261.389.862,681.891.006,500.956.354,75.117.033,134.191.438,991.487.131,126.217.236,612.905.184,127.142.142,140.573.677,122.347.724,123.733.918,113.048.537,112.460.585,141.504.351,136.104.439,115.830.243,120.908.088,123.293.139,139.938.562,254.1
2020.0,1.0,254.1,3.2997973856209,2.00368506493506,6.9371476510067,6.15427906976744,7.87559068219633,19.5182247340425,35.9166184310739,63.3896253229974,604.131.758,518.877.666,122.550.223,109.011.388,135.734.314,137.151.288,389.203.949,159.274.779,273.945.661,674.065.895,10.284.094,111.967.126,207.493.115,713.216.779,231.161.091,368.888.906,730.780.272,126.745.937,258.025.138,670.299.142,453.185.039,761.386.453,127.479.518,999.642.722,961.085.986,610.768.526,11580.1,126.718.108,110.288.587,110.053.602,971.096.859,107.389.384,122.090.238,121.522.337,108.043.984,110.123.027,111.698.153,106.139.507,270.15
2020.0,2.0,270.15,0.179215686274509,0.0037012987012986,0.0320637583892613,0.0176279069767438,0.200482529118136,10.1085039893617,29.001987814166,55.8388888888888,659.799.944,625.113.646,122.433.606,110.257.742,122.610.017,128.997.988,381.498.618,153.816.254,244.120.057,641.495.576,977.417.125,10.646.422,17.770.357,636.728.851,209.289.555,339.466.393,73.378.635,125.151.588,259.507.321,639.463.296,404.918.994,763.429.291,11.853.218,979.474.111,858.720.441,61.031.327,112.447.945,122.919.079,106.982.117,109.066.914,970.172.781,101.005.355,124.713.152,119.993.696,102.962.024,106.934.379,108.021.397,107.607.749,279.88
2020.0,3.0,279.88,0.0034509803921568,0.0006655844155843,0.0,0.0,0.115565723793677,12.4626994680851,28.3109367859863,73.6408656330749,582.139.056,78.232.001,12.990.343,117.943.417,120.862.576,1358.56,397.765.588,149.196.523,213.718.781,657.713.164,100.325.802,103.526.516,213.028.951,67.756.099,234.181.757,349.900.817,844.235.634,126.526.853,182.918.032,563.750.201,407.530.537,767.636.032,121.874.714,965.647.531,152.874.375,612.351.252,120.379.977,131.011.436,114.025.267,114.239.103,102.936.421,106.375.174,129.143.951,121.312.282,113.370.357,114.477.486,115.187.423,102.108.611,316.25
